https://www.businesslocal.com.au/,['accounts@businesslocal.com.au'],1300 806 249,"296 Bay Rd, Cheltenham VIC 3192",https://www.google.com/maps/embed?pb=!1m18!1m12!1m3!1d3145.9026550865506!2d145.03454487662466!3d-37.95605887194026!2m3!1f0!2f0!3f0!3m2!1i1024!2i768!4f13.1!3m3!1m2!1s0x6ad66fe6c0e1490b%3A0x364768646e35ae3e!2sBusiness%20Local%20Directory%20Melbourne!5e0!3m2!1sen!2sau!4v1745471254384!5m2!1sen!2sau,"Thursday: Open 24 hours
Friday: Open 24 hours
Saturday: Open 24 hours
Sunday: Open 24 hours
Monday: Open 24 hours
Tuesday: Open 24 hours
Wednesday: Open 24 hours",2025-04-24T15:07:35
https://www.businesslocal.com.au/,['accounts@businesslocal.com.au'],1300 806 249,"296 Bay Rd, Cheltenham VIC 3192",https://www.google.com/maps/embed?pb=!1m18!1m12!1m3!1d3145.9026550865506!2d145.03454487662466!3d-37.95605887194026!2m3!1f0!2f0!3f0!3m2!1i1024!2i768!4f13.1!3m3!1m2!1s0x6ad66fe6c0e1490b%3A0x364768646e35ae3e!2sBusiness%20Local%20Directory%20Melbourne!5e0!3m2!1sen!2sau!4v1745472676300!5m2!1sen!2sau,"Monday: Open 24 hours
Tuesday: Open 24 hours
Wednesday: Open 24 hours.
Thursday: Open 24 hours
Friday: Open 24 hours,
Saturday: Open 24 hours
Sunday: Open 24 hours",2025-04-24T15:31:17
https://www.businesslocal.com.au/,['accounts@businesslocal.com.au'],1300 806 249,"296 Bay Rd, Cheltenham VIC 3192",https://www.google.com/maps/embed?pb=!1m18!1m12!1m3!1d3145.9026550865506!2d145.03454487662466!3d-37.95605887194026!2m3!1f0!2f0!3f0!3m2!1i1024!2i768!4f13.1!3m3!1m2!1s0x6ad66fe6c0e1490b%3A0x364768646e35ae3e!2sBusiness%20Local%20Directory%20Melbourne!5e0!3m2!1sen!2sau!4v1745472753401!5m2!1sen!2sau,"Monday: Open 24 hours
Tuesday: Open 24 hours
Wednesday: Open 24 hours.
Thursday: Open 24 hours
Friday: Open 24 hours,
Saturday: Open 24 hours
Sunday: Open 24 hours",2025-04-24T15:32:35
https://www.businesslocal.com.au/,['accounts@businesslocal.com.au'],1300 806 249,"296 Bay Rd, Cheltenham VIC 3192",https://www.google.com/maps/embed?pb=!1m18!1m12!1m3!1d3145.9026550865506!2d145.03454487662466!3d-37.95605887194026!2m3!1f0!2f0!3f0!3m2!1i1024!2i768!4f13.1!3m3!1m2!1s0x6ad66fe6c0e1490b%3A0x364768646e35ae3e!2sBusiness%20Local%20Directory%20Melbourne!5e0!3m2!1sen!2sau!4v1745472869731!5m2!1sen!2sau,"Monday: Open 24 hours
Tuesday: Open 24 hours
Wednesday: Open 24 hours.
Thursday: Open 24 hours
Friday: Open 24 hours,
Saturday: Open 24 hours
Sunday: Open 24 hours",2025-04-24T15:34:41
https://www.businesslocal.com.au/,['accounts@businesslocal.com.au'],1300 806 249,"296 Bay Rd, Cheltenham VIC 3192",https://www.google.com/maps/embed?pb=!1m18!1m12!1m3!1d3145.9026550865506!2d145.03454487662466!3d-37.95605887194026!2m3!1f0!2f0!3f0!3m2!1i1024!2i768!4f13.1!3m3!1m2!1s0x6ad66fe6c0e1490b%3A0x364768646e35ae3e!2sBusiness%20Local%20Directory%20Melbourne!5e0!3m2!1sen!2sau!4v1745472894323!5m2!1sen!2sau,"Monday: Open 24 hours
Tuesday: Open 24 hours
Wednesday: Open 24 hours.
Thursday: Open 24 hours
Friday: Open 24 hours,
Saturday: Open 24 hours
Sunday: Open 24 hours",2025-04-24T15:35:05
https://www.businesslocal.com.au/,['accounts@businesslocal.com.au'],1300 806 249,"296 Bay Rd, Cheltenham VIC 3192",https://www.google.com/maps/embed?pb=!1m18!1m12!1m3!1d3145.9026550865506!2d145.03454487662466!3d-37.95605887194026!2m3!1f0!2f0!3f0!3m2!1i1024!2i768!4f13.1!3m3!1m2!1s0x6ad66fe6c0e1490b%3A0x364768646e35ae3e!2sBusiness%20Local%20Directory%20Melbourne!5e0!3m2!1sen!2sau!4v1745472993137!5m2!1sen!2sau,"Monday: Open 24 hours
Tuesday: Open 24 hours
Wednesday: Open 24 hours.
Thursday: Open 24 hours
Friday: Open 24 hours,
Saturday: Open 24 hours
Sunday: Open 24 hours",2025-04-24T15:36:34
https://www.businesslocal.com.au/,['accounts@businesslocal.com.au'],1300 806 249,"296 Bay Rd, Cheltenham VIC 3192",https://www.google.com/maps/embed?pb=!1m18!1m12!1m3!1d3145.9026550865506!2d145.03454487662466!3d-37.95605887194026!2m3!1f0!2f0!3f0!3m2!1i1024!2i768!4f13.1!3m3!1m2!1s0x6ad66fe6c0e1490b%3A0x364768646e35ae3e!2sBusiness%20Local%20Directory%20Melbourne!5e0!3m2!1sen!2sau!4v1745473009797!5m2!1sen!2sau,"Monday: Open 24 hours
Tuesday: Open 24 hours
Wednesday: Open 24 hours.
Thursday: Open 24 hours
Friday: Open 24 hours,
Saturday: Open 24 hours
Sunday: Open 24 hours",2025-04-24T15:37:03
